"","x"
"1","CAGCGACGTAAAGCGCGCAA"
"2","TCTGCGTTTCCGTATTATAC"
"3","TCGAGGTTATTTCTATGTTC"
"4","TCCATGCACGATAGAAGTAA"
"5","TCGCTCTAGACGTTGAGTGT"
"6","CGGCCGAACCAAGTTCATGT"
"7","TTAAATCGGCGCACCATATA"
"8","TTCCTTGGAGCTTATTGCCC"
"9","AGCACATTTCAATGAGTCTG"
"10","CAGCGACAATTCTCTCCCAG"
"11","GCTAGAACATTCCGAACATC"
"12","ATTTACAGTACATGAGCCAC"
"13","CTACCAAAGGCGGACTCCGC"
"14","GGTCCACAGCGGGCTTGTTC"
"15","GTGGCATTCAGTAACGTTTG"
"16","GGCGCGTGGGTCGCAATCCG"
"17","GAGTGTACTCACAACCAGCG"
"18","CGTGGTCCCAAGACGGACAT"
"19","GCTATGGCCCGCGATGAGGC"
"20","TCCACTTGCTGTATTGCATG"
"21","CCATGTCTTCACATCGCATT"
"22","GACGGGATAGACTGACTCAA"
"23","CGCGCGTAGCCTTACAGTAG"
"24","GCGCTGTGTCTCTACATCCA"
"25","CGGCTCTGGATCACGTTTGC"
"26","GACGTACCTAGGCTGATCCT"
"27","TCTTTCTACGCTCAGGCTTA"
"28","GCGTAAGTTGTGGCTCGACT"
"29","AGGCTACAGTCGAGGTATAT"
"30","GTGAAGCGTAGATGATTCGC"
"31","AGGCTCAGAGCTCAGACATA"
"32","AAGCTAGGCCATGGTCCAGC"
"33","CCTTCACGGTGAGCTACGCT"
"34","CTACACGAAGCTCTTGGATA"
"35","GACGTCCGTGGTAGCCGTGC"
"36","CTCCATGTGGTCGCAGTACG"
"37","CGGCGAACAATGGCGAACCC"
"38","ATCATCTGGCATGGTCTCCG"
"39","CCTACCGACGGTGTTGGAGT"
"40","GTGGAGACCCTTAGACAGAT"
"41","TGTCTAAATCGTATTATTAA"
"42","AGACTATGCGATCTTTGAAT"
"43","GGCCTTGCAACGGCGTTATG"
"44","TTAGATCCGCGCAAACCGAT"
"45","TGTCGCGTGGGCATGTTACC"
"46","GAGCGGGCTAGACCTGTTGC"
"47","GCGAGACGGCGGCGACCTCT"
"48","CATCGACGCGGTGCGCTGCG"
"49","ACGGGCCGATGGATACATTC"
"50","TTAGCCGCTTGTAAGCTCCC"
"51","GTATAGGTACGGGCCAGACA"
"52","AATGAACGGGTCAATCGTAC"
"53","GGTATGTACTAACGGTAGGC"
"54","CGTACGAGACGATCGCGGCT"
"55","TCGGTTACGTATAATGGCTA"
"56","ACGTACGACTGCGGCAACGG"
"57","GAGTCTCGAGTTAACGATCC"
"58","CACGGCGTTAGAGAAAGGTC"
"59","CTGACTACGGTGAGTCCCGC"
"60","CCGTAATCTCATCTCTGATC"
"61","ACTGGCATAGCCTCATGAGG"
"62","TACTTTGAATTTCAAGACAG"
"63","CAGCTAGAGTCTATGAACAA"
"64","GCATGATTCTGCCTCTCAAG"
"65","TTGTCATTTGGAGTTCAAAG"
"66","AACCTTCAATTGGAAGCTGT"
"67","AGGACGTACTTGAGACAGTC"
"68","GGGCAGTACATTTGAGGCCC"
"69","ATGGCGCTTCTTGCATTAGC"
"70","ATCGCCTTCAAAGTTGTTCC"
"71","CAACTAGTCCGAATTTCCGA"
"72","GTCTAATACTTCTTGGGAGA"
"73","AAATGGTCAAGGCAAACGGT"
"74","TTTCTCATCCGGTAGCAGCT"
"75","ATAGAAAGCTGAGGAGTCGG"
"76","GTTGGATAGTTCATTAATAA"
"77","TAACGCGCGCTAGCTGGATG"
"78","AACAGACGTTTCTCTATAAA"
"79","GCGCTGAATGACTCCCATCA"
"80","GGCTAGAATTGGCCAGGGCA"
"81","CCATTGCTTCATAAACCATC"
"82","GGGTCTCGGTTAAGGTAGCA"
"83","AAGAGTATAAACCTTAAACT"
"84","ATCCCTTACCTCCGCCATAG"
"85","AGATTAAAGTCACGCAGTTG"
"86","CGTCCAGGTATTCTCATCTT"
"87","CCGTGCGTAGTACAATCTCT"
"88","TCCGTGATAAGGTGCCAGTA"
"89","AATGTTGAGTATCATGGCGA"
"90","AGCTGTCCTGAGGAAAGTGC"
"91","AGGGAGATCCACCGATTTGC"
"92","TACCTACGTTGAAGTTCAAG"
"93","TACAAGCGCCTCTAATCATT"
"94","ATACCTGACCCACACCTCGA"
"95","TGTAATCTCGTGTAGCCAAT"
"96","CCCAGAGGAGGTTCCGGTAG"
"97","TATACAACTTATGCACGCAG"
"98","AGCGATAGAAGATTTCAGTA"
"99","CGTAGCTGCGCACGCCCAAA"
"100","GCTTCCACAATACTACTGTA"
"101","CCGGCACTCAGCGTCACAGG"
"102","TCTCGTTTCGACCACGGGAG"
"103","GGAAGCTTGCTCTCCCTTGT"
"104","GAGACTCTCGAGGACGTTCC"
"105","AAGGCTGTATGCTACTCACT"
"106","ATTGAACGGGTTACGCCGGT"
"107","ATTCCGGATTGATAGTATTA"
"108","GATCCGGTGTATGAACTCAA"
"109","TGCAAACGCCGCGCTCTTCG"
"110","CTACCAAATGTCGTCATGTT"
"111","CTTCGGGACGTCATTCTGGC"
"112","AGGCCTCTGCTCTCCACCCT"
"113","GCCGCAACGGACCAAATTGC"
"114","GCTTGCCATAACGCGTTATC"
"115","GGACAGTTACAGTCTCACCA"
"116","TGCTAGCATTTACCTGCGCC"
"117","TGGTAGTTCCGCCTGTGTAT"
"118","AGTTCATCAGCAGTGGCCCT"
"119","GACCCGACGCGAAGACTGTA"
"120","GAGCGTCGCCACGGTAGCTG"
"121","ACGGAAACACCTCCTAGTTC"
"122","GCACGTAACGACTGTCGCAA"
"123","GCTGGCGACCACGCGAAGCC"
"124","GTTCAAGGCAAGGGAATATG"
"125","AATAAAGACGTATGCCGGCT"
"126","TGCTTAAATCCGGCCGTGAA"
"127","GGATAATGCCGACGTTGATT"
"128","TTCTAACGTGTGTGCGGTTA"
"129","ATGTCACAGGGTGCACCTGC"
"130","TGTAGTAGAGGCCGGAAGAC"
"131","GTGTTCGCAGAGGCTAAGCG"
"132","GTCAGTCTACCGGATGGTTG"
"133","CTGGTACGGGCTTGCATGGA"
"134","CTGGCAAATGTACAACCGCG"
"135","GTCACGTCGTTTAACCAGAC"
"136","CTGGTCTGGTGATTTGTCCC"
"137","TCGCATCTTGCGCTGTGATC"
"138","AATGTCGAACGTTCGACTTA"
"139","TTATGTATTAAACAAAGAAT"
"140","CCGTGAATACAATGCTCAGC"
"141","CCTTGTTCCCGATATTTGGT"
"142","ATGAAAGCTTTGACATCAGG"
"143","GATGGATGTCTAAAGCTTCT"
"144","TACAATCGCCTCCTTGTGAT"
"145","AAGTCTGCTTCGTTATAAGC"
"146","GTCAATGGCACTTCCTCTGG"
"147","GTTAGAATCGGAGTAAATAG"
"148","AACAACGCAATGGGCGTCTC"
"149","AGCACACTTAGTAGTGGAGT"
"150","CTGACCGGAGGCCGGCCTTT"
"151","GGCAGATTCCCAGACAGGAC"
"152","TCAGTAATAGGACGCTCGGG"
"153","TCTAGCAGCGGTTCAAGACC"
"154","TTTGACAGGCCAACGTGACC"
"155","AACTTTGTTGGCTCACAACC"
"156","TGCTAGCCCAACTAGTGCTG"
"157","ACCGACCGTCGACCACCACG"
"158","CAGTTCGACACCAGGATAGG"
"159","TAAGCCCATCTGACCACGTT"
"160","ACGTCTGCTAACAGAGCGAG"
"161","TCCTATGCTTACACTCCTAG"
"162","TTACGTTCCGAGTACCCACA"
"163","GAATCTCGTACTACCAACGG"
"164","GCGTTTAGTAGAATGACAAA"
"165","CGCAGAACGAGACCTCAGCG"
"166","CCAGCGGTTTCTCCCGTAAG"
"167","TATTACCATAATTGTCTATC"
"168","AGCACGAGAATAGCGACGTT"
"169","CTCCGTTGTCTCACCCTCCC"
"170","CCGCCGAGTGGAATTTAAGT"
"171","CACTACCGTCAGGTAAGCTG"
"172","GGATAGATTATCTGGCTGAA"
"173","CAAGTTAGACATGATCCTAT"
"174","CATTTGTCGTAGGGTCATGT"
"175","GAGGTATCTAGCTCGGCATA"
"176","GCGTGTCATATCCTGGACTC"
"177","TTTGATCTATATCTCAGATC"
"178","GACTGGCATTACGCGACAAC"
"179","ACGGAGAGCAATCCATCTTT"
"180","TGCGTGGTTATGTCGCTAAC"
"181","GTACATTATAAGAGACAAAC"
"182","TAGGCTTACATTGTTCGAAT"
"183","ACGAAGGCCTATGCTCGAGC"
"184","CGTGACTTAATGGGCGTGCG"
"185","GCTGGTCCAACGATTACCTA"
"186","TTCCTTACAATCCTCTGACA"
"187","CGCAGATCATGCTGTCCATT"
"188","ATTCTCCCGATACTCTGAAT"
"189","TATTAATATCCGACTGGATA"
"190","TCGCTCGTTCCAGTCGCGAA"
"191","CTCACGGGCAGCAAGCCACT"
"192","CTTTCCTGTAGTAGGCCTCG"
"193","TAGTTCTTCAGAGCTTCCTA"
"194","CCACCGGTTAGACATGTTGT"
"195","TACCGAGTGGATCAAGGTTA"
"196","TTCAGAATCACGAGCAGTTA"
"197","CACGCCTCACGATTTCTTGT"
"198","TCACCTACGTAAACTGTGCG"
"199","CCGTGGGCCTAGGTACAATA"
"200","GTTCCTACATGGACTAGCAT"
"201","ATATACTGGAACCTATGTAT"
"202","CTACGTTAGGTCCACCACTT"
"203","ACATGTGCAAGGTGCTCTCA"
"204","CTCGTCTGTCAAGTTATAAA"
"205","TCCACCGAGCAGTGTTCGTC"
"206","ATTGGGCCCACAGTAGTAAG"
"207","GGATGACCAATGCACGCTCG"
"208","ACTACCAGGTAGTATGTGGG"
"209","GCCCGCGGAGCCAAGATTAT"
"210","GGGAGCGCGTGAGCGACGCT"
"211","ATTAGTAGGGAGCTATCATG"
"212","TGAGAAATAGTGATCGCTCA"
"213","TCAACCATGATTGACGTAAT"
"214","CTCAACACGCTAGAGCGAGC"
"215","TTCACCCAATCTGACCTGTA"
"216","TTAGGAGGCGCGAGGAAGAA"
"217","CTTTCCTGGTAGAATTGCCC"
"218","GGGCAAGGTTGGCTGCGCAT"
"219","GTCTGGTAACGACGAGTTCG"
"220","TTATCCTAACTGTACGCCTG"
"221","TCAGGTAGTCGGTCGACTCA"
"222","TATGCACAACTTAGCCTCCC"
"223","GCTGGAGAGGAGGGTCGTCC"
"224","TTGCCCGCACTAAGTCGAAC"
"225","CAACTTCCAGAAGTTTGCAG"
"226","GGGTTCATAAGAGGATTAGC"
"227","TTCCCACGTGATTGGTGTTA"
"228","TTTACACGACTTATGACCGT"
"229","AGGGCGTATGTCACGCTCTC"
"230","CAATCCTACTTCGGTGTCGC"
"231","GGTTGGGATGCCTTAGACAC"
"232","CGGGCCAACATACACTCTTG"
"233","TAACGATTCGAGTTCTGGCA"
"234","CCTAACCAGACTTATCTGAT"
"235","CGCTAAGAACAGAGGGTGCT"
"236","GTACCGTCAAGTATTATGTC"
"237","ACAGGCCACATATCACTCAT"
"238","CGGGAGGCGCCTAGGCACTG"
"239","CAGTGTCTAATGAGTGAGCT"
"240","TGAGGTTGTCTACCACCGTC"
"241","GACGGCTGGCACATTCAGGT"
"242","GGTAGACACTATTTATGGAT"
"243","TTAGGTAGTAAGCTACGCTC"
"244","CGGATAGGGCGAAGGCTACT"
"245","CCAGGCGAGTTCCTCGGAGG"
"246","CCCGGCATCATCCTGCTCAT"
"247","GCGCCTCAGACACCAAGGTA"
"248","CATGACGTCCACCCTACGGA"
"249","ATTCTTCGCCCTAGGCATAA"
"250","GCGGATATCCAACACGGCAA"
"251","TAGTATTCGCCGAAACCCGT"
"252","TCTGACCTCCGATCTATACT"
"253","TCCATAACCAGCGTGATCCC"
"254","GTTATATTAGGATTACTCTA"
"255","GGGCCTATGGTGGTTAAAGG"
"256","CTCCCTACTTGCGATCGGTT"
"257","AAGGACCCGATAAATCTTCT"
"258","ATTTAGTCCAGAACGGCTGA"
"259","CCAAGCGCGCCATTTATAGT"
"260","ACCACCGAAGGGACGTGAGT"
"261","GCACCCGTAATCCCTGTAAC"
"262","TAATGGACCTCAAACTACTT"
"263","CACGCGCAGAGAGGTATTCT"
"264","AAGGACATAACCAACTAGTC"
"265","TACTCTGGCTCCGATGGGAT"
"266","TATTCGCGGAAATGGATTCT"
"267","GTCGCGCCCATCCATGAGCT"
"268","CCATCCACAATTGAATCCAA"
"269","CAGTAGGCGCCTGCCTAGAG"
"270","CCACAACTCTGATTCCGTAC"
"271","CATCATACTGCTATCTTGGC"
"272","AGCCAACTATCCAGGGCCTG"
"273","CTGAGGTACGCCGTCCCTGA"
"274","GACCTTTGCACGGGCAAAGT"
"275","GGGCGATGATCGGCTTCAGC"
"276","CGGATGAAGTTGCACCATGG"
"277","GATGACCGCTCGTTTGCTGT"
"278","GGCCAATGAAGATGAGCAGT"
"279","AAACGATACGTGATTGGATT"
"280","AAGAACGTTTCTTGAGTCTT"
"281","GGTAGCGCTTAGACGAGTGA"
"282","CTGCACTTGTGCCTACCTTG"
"283","CCAGGGAGAAATGGTTTGAT"
"284","ATACGGATCGTGGGATTAGA"
"285","GTTGCACTGGTTGATTGTAA"
"286","TTCATTCACATTGAAGCAAA"
"287","TGCTAAATCGAGGCTTCGGG"
"288","GTTCATAGATACGGTTTGAA"
"289","CGGAGATTGGCAGCGCTCCT"
"290","CGACAACAAGTTGCCTGGCC"
"291","TCCGCGAGTAATTGCCTGCT"
"292","CGTGACGGGTTTCCGGATTC"
"293","TTAGCAAACTGTAAGGACGA"
"294","GGGCCTGGTGATCAGATACT"
"295","GAATAAGGCACTGCAGGGTG"
"296","ATCTCAGTCCCTTCGTGTGT"
"297","AGAGCTACCAGGCGACACGG"
"298","CACATACTTTGACCGCACGG"
"299","GCCTTGGATAGCGAGCGACA"
"300","CGATAATCCGATCCGGGATG"
"301","AGGCTCTTCGAGGACGTCTG"
"302","GGTTAATTACTCCGAGGTGC"
"303","CCTTGGCCTAACGACAGTCT"
"304","ATATGTATACAGCGCCTCAT"
"305","CCAATCCATCAGTGCACAAC"
"306","TTTCCAGCGGCTGGTGAGTT"
"307","GGCCTAGAAGATTCGGACCG"
"308","GACCCGTCGAGGCAGGCCGT"
"309","ACTAACGAGCTTAAGCAAGT"
"310","TCGTTCAGCAATGCTTAAGC"
"311","TCCCGGGAGTGCTCTGCATG"
"312","CCATTAGACAATGCTTCGTT"
"313","CTTCTTGAGCGACTAGCACT"
"314","TCTTATGAATAGTCCGACTT"
"315","TACGCTTATGGTCCTCGAGA"
"316","TACGACACTAGATCCCTTCC"
"317","GGTCTCGCGTCTTCCCTCAC"
"318","TATGAGATCAGTATCTCGCA"
"319","CAGCTGCAACAAGACGTTCG"
"320","CGAGATGTGGTCAAGTACAG"
"321","TTGCGCCGTAGTTCGAATGC"
"322","TGATTTCATTGGGCGAACCG"
"323","TATATCATCGGCTGAGAGAC"
"324","CTGAAGCAATGGCTGAAGTG"
"325","ATAAGGTGGTGCCGGTTAGC"
"326","AAAGTGCGCAAATAAGTCTA"
"327","AACGATGAGAACGGCGCGGA"
"328","GCCCAAGTCACCCTCACCTC"
"329","TACCTAACTTTCCATACGCC"
"330","CGCTAGGTTGGATCTGGTCT"
"331","GAGATGGTCCAACTAAGATC"
"332","TACAGCACCTTTGCGTAATC"
"333","TAGCATAGCGCGTCGTGTCA"
"334","TGGTTATACACCGAAATCAT"
"335","GTGATGCAAAGCCCACGTTA"
"336","GACACCAGCCGTGAACACAT"
"337","CCATACGCCCATGGTCTGGG"
"338","TCCGCAGGTCCGTCACCGTC"
"339","TCTGGATCCTTGTCGGCCGT"
"340","CACGATATTGCCGTCACCAG"
"341","CTGCAAGCTCCAATTACTAA"
"342","CTCAAACAGCACCATAACAG"
"343","CGAGCGGCGTCCCGAGCTAA"
"344","GGTCCTGCACTATTGATCGC"
"345","GGATTCAGCAGTCATTCAAG"
"346","ATGAGACGTACTTGTCTGTG"
"347","CATCATCCGATAGCCGACGC"
"348","CGCAGGTGTACCGAGACATG"
"349","TGGTCTATGAGAGCCCAACC"
"350","AGCAAGCCTTACTGCCGTCT"
"351","GAGTTCAATCGAGGGTGGCT"
"352","TAACAACCGATACTTAACTT"
"353","AAGCACTTGGGTTTCGGCAC"
"354","ATCGTGGATGCTAGCCATAA"
"355","ATCCGTGATCCGGACCCTTG"
"356","CATACATTGTCCATCGCGCG"
"357","AGCTCGAAGCCAGACAGGTA"
"358","GGTCCGCATATATAATACTT"
"359","AATAAGCTCGGGTCCGTCCC"
"360","CCGCAGACTGATGTCTTATC"
"361","TTATCTATTCCTTATTGCCA"
"362","CGGGTAACCGAAGGGCTTCG"
"363","ACGCTAGTGTTTCCGATAAA"
"364","GTAGGAGTTAACGCGATACG"
"365","GAAAGTGTCGAGAGTCTCAT"
"366","ATAGCGATGACGAGAGGCTA"
"367","CAGAATTGAGCGTGCAACTG"
"368","TGAAGGCCGCGGGTCTCGAA"
"369","CTGGCCTTATATACACCCGG"
"370","ACGCTCCGTACTCCGCTTGC"
"371","CCTTGTGCTCAAGAGCTTGC"
"372","CTGAAACACCTGTCTCTCAG"
"373","GACCAACAAGTGCCAAGTTC"
"374","AAGCTGAGTGCACGACGTTT"
"375","GTGGCTCAATCACAGGTCCC"
"376","GAAGGCAAGAATACCTGTTT"
"377","TTACTGAGCAAGTCCACTGG"
"378","TGCTCAGTACCTGGCTTCGT"
"379","ATAGATGTATACATCATCGA"
"380","GAGTCACCCAGGCGATAGCA"
"381","ATACTCCCGGTCCCACTATA"
"382","ACCAGAATTACGAGCTATGT"
"383","TCGACTGTAGCTCATGCGAC"
"384","AATGCCTGCCTCATAGCTCA"
"385","TGTCGTGGGACTCCGGCCGG"
"386","TAGGATCAAGAAGTTTCTTC"
"387","CTAGGTGCACTTGCTACAAG"
"388","TAACAAACCCGAGTTCAGTC"
"389","CCGGGAACGGCTGCTTTGCT"
"390","CGGAGCTGTCCAGCTGCCCG"
"391","CGCGCTGGACCCGAACACCA"
"392","GAGCCCGTGGGCAATGTAAA"
"393","TGTGCTTACGGCTTATTAGA"
"394","ACAAGGCCATTGACTGGTCC"
"395","TCTTCACCACGATCCTATCG"
"396","GACACATGACTAGACAGCAC"
"397","CATGGGCCCTAACCAGTGGC"
"398","GGAGTGTATGTGGCCCGCTG"
"399","ACGCGCTTGCGATGCTTGAA"
"400","ACGAACTCTAGCGTCTCTTA"
"401","TCAGCGCGGTGGCCACCCAA"
"402","GTCCAGAGCCTGTTTACTAG"
"403","TGACCCACAGCGGCGCAGCC"
"404","GAACTACGCGCTAGAGATCG"
"405","CGATTCTCCTACTATTGAGG"
"406","ACCTACGGTTAACAGTTGGT"
"407","CTTCCGAGCGATGGATCGGA"
"408","CGGCCCTACAAGCTGGCAGA"
"409","GGTACTGAGAGTAGGAGGAT"
"410","CTACGACTACACGAATCTCA"
"411","TTATGCCAAGTTAACTCATG"
"412","ACTCGGTTGCGGAGGCACTG"
"413","ACAATGACGAAGACGCGACT"
"414","TTCTTCTCACCGCGAGTCCA"
"415","TCGTGCTTTAATATAGCCAT"
"416","CATGACCAATTCAGTTTGGG"
"417","CCTGAGATAAGAGGTTCGTT"
"418","GCCACGACTCGACACATGCG"
"419","GCGTTGTACCAATCCTGGCG"
"420","ACAGCGCTACGGGTTGTGGG"
"421","GCATTTGGTCAGGCGACCTA"
"422","ATGTCAGTTAAGCACGAAGA"
"423","AGGTCAAAGCATATCATCCG"
"424","CGTATTCAATCGGCCCTGGC"
"425","GGGTCCTGGGCCCGAGCACG"
"426","ACGCCCAAGAGCCTGGCGAA"
"427","CCTCGGTTACAAGAGGCCCT"
"428","GTGCGGCTCTGCAGCTTCTG"
"429","CTATATGTCGAGCGCCGTTC"
"430","TCTAGTCATGGGTATCGTGT"
"431","AGCGTGGCCCACTAGGGACA"
"432","CACACTCAGTTATTACGGGT"
"433","CCTTGCGCAGGAGCTTGAAT"
"434","TGAAGACTGGATTCTAATGT"
"435","TTAACGCGTCACTTACGCTA"
"436","AAAGAAAGTCAGCAGTGTGG"
"437","CACGTTGATTAACAACGATG"
"438","TAACCTTTCGCTTATCAGTT"
"439","GCACCCGCAGTCGTCCGGAT"
"440","AATTAGGTATGAGAATGGTC"
"441","GCCCAAAGTGCTTATGGTGA"
"442","GTGGCATTAAGTTATCAGCC"
"443","GAACAATACCTGCAAACGTT"
"444","ATGAGCGAGCTAGAAACCGA"
"445","AGCTTGACCAAGCATTACTC"
"446","TGTATCTGCCGTCTATCGGA"
"447","GCTCAGCGCGTAGTACCGGG"
"448","CTGGAACGTGCGCTACCTGT"
"449","GTTTACTATTCGCTCCAGCG"
"450","TTCCCGTCGATGGCAAGAAG"
"451","CCGATGTTAACTTTAACGCA"
"452","CTCGTAGTCGCCTACTTTAC"
"453","TCAGCTTGTGGCTCGGCTTT"
"454","CCGTGACTCAGACTACTGCC"
"455","GGTTATCACCTACGCTGACA"
"456","ATATTCCGGTCTAGTAACTC"
"457","GTATGCAATAGCGCTTGGCG"
"458","CAGGGATTTGGTCCATTGTT"
"459","TAGACGTTTGGATCGTCGAT"
"460","TGACACACCCGCCCAATATA"
"461","CACATTCTCCTGTCTCAGAT"
"462","ATCTGTTACGGACAAGATTT"
"463","CCATGGTACCTTGTCTCCTC"
"464","AACACGGCCGCCGTATTTCC"
"465","TCCCGGTTGTTGATTCGTAG"
"466","GCTAGGGCGAGAGCTAGTGG"
"467","GCGAAACCTACCCTTGACTC"
"468","TGTATCCTCCATACCTCAAG"
"469","TCGAAGTCTACTACAAGTTA"
"470","CACCCACGATCCTCTCTGCG"
"471","GCGATCAAGACTGGGTCCAT"
"472","TAATTGGATCCCTGTTAGGA"
"473","AAGGCCCTCTGCCATCCTGC"
"474","AGAGAATTCGTCGTTATGGC"
"475","CACATAAGGACTCAACTAGG"
"476","GCAGAGCTGGCAATGGCGAT"
"477","ATGTTCCGTAATTGCGACGG"
"478","TACCGTTCTTGTACTGAGTA"
"479","TCGTTGTACTTAATACAAAG"
"480","CTGTTAGCACTAGGAGAGAT"
"481","GTATTCTAGACCAAGCATAC"
"482","GGGCATAAATTTACCGTTTA"
"483","TCGATCCATTGGTTTAGATG"
"484","TTGGACCGCGTCTCGAAGTG"
"485","TGGAAAGGCTTGCGTATAGC"
"486","GGACCCAAGTGCTAGATGCT"
"487","CAACCAGCCTATGATTCGTC"
"488","AAGACTTACCGAGAACAGCA"
"489","TATCACAGAAAGCGATTTCC"
"490","TGCGGTAGATGGAACCCTCG"
"491","CTGAAGCGCCGTCGCCGTAT"
"492","GCTATGTCCAGCTCGTGTCC"
"493","TCGTGACGGGCATCGCCATG"
"494","ACGTTGGTACCCTTCAGATA"
"495","ACAAACGGATATTTAAGCGA"
"496","AGGCACACGATTCTGGTGGG"
"497","AATGTTTACAGTTAGCGGGC"
"498","CCACATAAGATCAACGAGTG"
"499","CCATGGGTGGTGGCAGGTCC"
"500","CCGTGTCTATCCCAGCTCCA"
"501","CTGAGGGAACTGCGGTTGTT"
"502","TCCACGCGATCGTGTTCCCA"
"503","AGTTCCGCCTACTTAACGCA"
"504","CTAAATCCGAGCCCTCTTCA"
"505","GCTAGAATAGCTACACTGAC"
"506","CTAATTTCGTCTATCAATTA"
"507","TTGCAATCAAGCGCACTATT"
"508","CATTCGACATGAGATCCGAT"
"509","AGTCCACTTCTTCAGGGCGG"
"510","CGAAGTGCTAGAGGTTCATT"
"511","GACAGCCATTAGAGACGATT"
"512","TGATAATGGTCGATCCGTCG"
"513","CGCACGCGCATCCTCTAACT"
"514","TGTATCCAGGGCCACCTCGC"
"515","CTCCTAAAGGATGAAGAGTG"
"516","CATTGCGTCGCTTGTTACCA"
"517","GTTGTATTACGGGACGTGTA"
"518","ACACTTTGTAGAGGTCAACG"
"519","TCCTCTGTAGCGATCCTGGC"
"520","AGCTTTACGTCAAATCAGAA"
"521","GGTCAGGTAGTCAAATTGTT"
"522","GCCTTATGCTGACACAGGGT"
"523","AGTGGCTCTTCGAACGAATA"
"524","AACCGAGACCTCCCGTACGA"
"525","AGCGAAAGACATGTTCGTCC"
"526","TTCAGTTCCCATCGCCTCGC"
"527","GTGGCCCTAGCTACAGACGG"
"528","TGGTGTGCTGGAAGACTACG"
"529","TCTCGTGTTGGCTAACAGCA"
"530","GCTGCAAACATACTTATTTC"
"531","CAACCTCCTCAGCCGTATCA"
"532","CATCGAGCCGCAGCAGAATA"
"533","TCATCTAAACGGCTATCCGT"
"534","GATGCTTTCAGATCCGGTGA"
"535","AATTACTTTATGGGCCGCCG"
"536","CCATTGCTCCTCATATATGT"
"537","ACTACTCTCGGTCATTTCCG"
"538","ATAGATCTTCAGATACCGAA"
"539","ATCCGTAGAGTGAGCTCTAC"
"540","TGGGATGCCGATAGATAATG"
"541","AGGTAGCTGCGCCATCGCAC"
"542","GAAGAATGGTACTGCATTCA"
"543","GTCGTGCGAAGAATCTATCA"
"544","CACGGCCGAGTGAGGAAAGA"
"545","ATCTGATGCCCATAGGACGC"
"546","AGCAATGGCCTTTAGCTAGT"
"547","TGAAACACTAGTAACGTACT"
"548","TCATACCTGTACTATGTACT"
"549","TTAGGATCTGACTTGCTATG"
"550","GGTTGACCGGCGAATCTCCC"
"551","CTAGCTAGGGATTGCCACTC"
"552","GAGCATCAGTCAGGACATAC"
"553","AAGATTGTAAGCGCGGCGCG"
"554","CAATTCTAAGAAGATGAAAG"
"555","TAGGCGCGGCACGACCTAGT"
"556","TTCTGGGTAGGCCAGTACGA"
"557","CGGACCACTTATTGAGACCA"
"558","GAAGCTCGATCATCTCGTTT"
"559","CAGGTGTTTCTAGTCCTTGA"
"560","CTGCCGCTACCAATCGCTAA"
"561","CGAGAGTAATGTTGATTAGG"
"562","TTCACTCGCATATGCCAAGG"
"563","TCGCGGGAGGACGAGTTCCC"
"564","GGGAAAGTTGCCAGGAACTC"
"565","CGTTTCCGACTTAGGTTAGC"
"566","ATTCCATCGCCGCGATCTCT"
"567","GTAGGTACGCGACTGTTCTG"
"568","TCACCTGTAGCCTCCTTGAA"
"569","GTAAGAGTATCGCAACTTAC"
"570","GCGGCGTTGGTTCCGGATTA"
"571","ATTTGGTAGCACCTGATGCA"
"572","GGAGGACAAGATCTTACCTC"
"573","TTCAGCTTGCTCTCCACGTA"
"574","CTATCTGTAGCACGATTCGT"
"575","ACGTAAATCAAAGAGGCTAA"
"576","ACTGCAACGGCATCACATCT"
"577","AGTGGGAGGCCGATGACGAA"
"578","CAGGTTTCCTACTTATTTCC"
"579","GGCGAACACTGAAGTAAAGC"
"580","CTACTACATAACCGAACCCA"
"581","CTCGGCATTGTATGACTGAC"
"582","GACGTATTAAGGCAATTTAC"
"583","ACCTGGCGATCCTGCTGCTG"
"584","AAGAGTTAGTTGTTGACTTT"
"585","CCGCAACACGTTATTGCCGA"
"586","TGAACAGGTCTAGTGTGCGG"
"587","AGACAGCCTCTCCGTCCGCC"
"588","CTTCAAATCCTCAAAGCAGT"
"589","CGCGTCCCGACGTCCATGCC"
"590","CCACTAGAACGCTTATCCGG"
"591","ACGCAGACCGCGAGATAACA"
"592","CACTCGTCGGGAGTTGTAGA"
"593","GTCTTCATCGTCCTCGTAGG"
"594","GCCGCTCCCTCATTAGGTCG"
"595","TTCTATATTGGCCGTTCATA"
"596","TCAGGCTTCCATACTCCGAA"
"597","TCGGTGCAAAGCTCGTTTCG"
"598","ATTCCAACGCAGCCAGTAGT"
"599","AGTGGCTCCCTGTGGTATGA"
"600","ATTCGGTGTTGGCCTCTCAG"
"601","GATGGTCCATTCACCCAAAG"
"602","AGGTCCATCTATTTGTCCTG"
"603","CGTTGCCACCGTACAGGGCA"
"604","AAACGCTGGCAATCTATCCC"
"605","TTGCATGGCGAATTACTACC"
"606","CATAACGAATAATTCCCTGC"
"607","CACTATATATAGGCACTGAA"
"608","GGAAAGAGCCTCACTATCGT"
"609","CGATGACAGCCCGCCTAGAA"
"610","ATCCATTACATATCCAAAGT"
"611","AACACATATACGATTTACCC"
"612","CTGATTTGCTGTGAACCTGC"
"613","GACCTCCCTGGAGGAAACGG"
"614","CCGTATTATTGCGCCAAATG"
"615","GGGAGCCAGACTAAATGTCC"
"616","CACGTGGCAAACAATAACAG"
"617","AGTAGAGATCAGGCTGTAGC"
"618","TCACGGATACACCGCACCAT"
"619","TCAATCGGAAGTACCTGCGA"
"620","GGTCGCTCGATTTCTTGACT"
"621","TGCTCGTCAGTTATGGTTAA"
"622","AACGTGGGTAGCTGTGATGG"
"623","ACGATCTAAGCTTCAGTCAT"
"624","GTCCCTCAAACCACGAAATT"
"625","CTTCTTCCAGTATCCGTCTG"
"626","GTCGCTCAGTTTCTGAGCTG"
"627","GGCCTCCGGCTCAAGGCCAA"
"628","TCTCACTAACAGCTGACTGT"
"629","ATTTACTCGTGATGGTCCCG"
"630","TATGTCAGAGTGCCCGCGAG"
"631","CGCTTCGAGACCTTTGAGTT"
"632","CATAAGGTGCTTTAAACCGA"
"633","ATGAGCCGGTACCGTGACGC"
"634","TCCGGAAGAGCGTCTCTTGT"
"635","AAGGTGGGCTTCAGCATAGT"
"636","TGCGCTTAACCTTTCAATGA"
"637","GTCATGCTTCAAGGAGCTGA"
"638","GAAACTCCCGTCGATCTACA"
"639","CCGAGGCGTCCTCACACTGA"
"640","AAAGCATTCGACCTTGCGAT"
"641","CTCACAACGGAGCCCACAAG"
"642","GGGACGGAACATTGGGTGCT"
"643","GCGCGCTGTACGACAATATT"
"644","TCTTAGAAAGTTGCTTCGAA"
"645","CGGCTTAAGCAGTACAATTA"
"646","CGGACCGCTCATTAGAGACG"
"647","TGCGAAAGAGAAGTTCACAC"
"648","ACCGTTTGTACTCGTCATCA"
"649","AATTGTCCGCTCCGAGGGCG"
"650","GGCTATTCCAGCCTACCTCG"
"651","AGCGGATCAACGTCAATCTG"
"652","ATGCGGATTAATACGCAGTA"
"653","AATCGACAACTACTATATGC"
"654","TTATGTACAAGCCTCCCGTC"
"655","GCATGCTGATCGATCGATGC"
"656","GCCGAAAGGTAGGAGATCGA"
"657","TGGTGGTATATCGACGTTTC"
"658","ACGCGTCCCTGGCTAGGCGC"
"659","AACTCTGGATTCCCAAGTGT"
"660","GCTGCTCTCAGACGTTCCCT"
"661","GGATGTGTCGTAAGCCAATA"
"662","CATCTATCGTGTTCTATTCT"
"663","GCGTAGTCGTGCCCGCGTCG"
"664","CTACGCCACTAAGTCTTTAA"
"665","ACCCTTGACAAAGTAGATTC"
"666","ATTGACGTTTAATCGAAGCT"
"667","GGCCCTTGATAATACGAATG"
"668","ACTTCAGTCTGCATGTCCCA"
"669","ATGCTGTAGCGATGACTATT"
"670","TTCCGTCTAGCCTCATCGGT"
"671","GTAATACGTTGATGTTACTT"
"672","GGAAGAGACCTCGTAATCCA"
"673","ATGAAGAGATAGGCGGGAAC"
"674","ATTACCGAGTGATGCGGTCC"
"675","ATCGTGCTAGGGAGTCTCAA"
"676","TGTAAGATCGTACAGCAAGT"
"677","ATCCGTTTATAATGGATCCG"
"678","GAATAGTTCCGACTTAGTCT"
"679","CGGCCTCCGCCCTGAACCGG"
"680","GGTAGCAGGATGATGTCCGT"
"681","TGAGAGATTTAATCACTCAT"
"682","GTGACCTCAGACCGGCTAAG"
"683","TAGAAGGACGCGCGTTCACA"
"684","CTTTCTACGTAATGCCTATG"
"685","AGTATTGAGGTTCGAATAAG"
"686","GATCGTACGGCGATTTAGTG"
"687","ACTTAGATCGAATGGGCAGG"
"688","TGGCTTCTATCCAACGACGA"
"689","ACATACGAGTGCTAACACCA"
"690","CTCCATATAGAGCAAACTGA"
"691","TTCCTGTAACCTTTAAATTA"
"692","GCTATCAAGGGAGCTTTCTA"
"693","TGCGATTACGACAGGCTTTG"
"694","GCCGGCATTAAATGACATAG"
"695","CGTAGTTAGCGTCGCCCTTC"
"696","GCGCAGCAGACGTGGAGGTT"
"697","AATGTGCTGCATAGTAGTTG"
"698","CGAAGTGTTGGATAGCGTGC"
"699","CTGGGCCAGCCAGCAGACAG"
"700","GAATTAACAGAACACGTACG"
"701","AGTACTAGAGACGTCTACCT"
"702","ACCTCCGACTAGTTTGGGTC"
"703","AGGGTCAGCTCCTCCGGATA"
"704","TTCTGTCCGTTTCTGAGCCG"
"705","CGTAACGAGCCTCATCTGTA"
"706","ACACAAGTAGGAGATCTGCG"
"707","TCTTCAGAGCTTGGATCGAT"
"708","CGAACTTCCCGTAGTCTTGG"
"709","AAACACATTGCTCGCCAATT"
"710","AGCACACCACGATCTAATCA"
"711","GCGATCGTGTCCATACATGC"
"712","GCGTTCGGGAGAAGGACATT"
"713","GAGGCCCGTGTTCGCGTCTC"
"714","TTGTTATGGGTGGGTACTTG"
"715","TGAGCTATGAGTTAAATGAT"
"716","GTAGGATACAACCAACCAGT"
"717","TTTAAACTGTGCAATTAAGG"
"718","CCATCGCAAGTAATCCAGTT"
"719","GTTCCTTAAATGAGCGGGCT"
"720","CACTTGTGCACGGGATGCGT"
"721","TATCTTATTATGCCGCATCA"
"722","ACGCTTCACTCCGCGCACGA"
"723","TTACTGTCAGATATGCTTAG"
"724","ACAGGAAGCTATCTGAAAGA"
"725","TCTGCACATCTCATTATAAA"
"726","CCTTTCGCATCGTATCTGAA"
"727","GAATCGAAGCAAGCCCGCAG"
"728","CATATGCAATTACGATATTG"
"729","GCCTAGCGGCCAAGGTGATC"
"730","TAGAATTGAGAAGCCGATGA"
"731","TGTGACTATAATGGACCCGT"
"732","AGTAATGGTTTAGAGTAAAC"
"733","CATGAATTACGAGTCAAGAG"
"734","TTATTCGCGAAGTGTCGTAA"
"735","TACTGGTAGAATGCGCAGTC"
"736","TGCCCTGACTTGGTTACCAA"
"737","GGTTAAATGTCTGAAGGGTT"
"738","GACAAGGCTATCTAAATTGC"
"739","CGCACTTTAGTAATGCCGCA"
"740","ATTAAGTACAAACCGTTCTC"
"741","AGGATGTGCGTCATTCAAAG"
"742","GGAATGTCATTAGCATCGTG"
"743","GTTACCCTTGCGTGCGTATG"
"744","GTCTATCCGATACCCGGAGT"
"745","AAGAGAAATGTTTGTGGCAT"
"746","TTATTGCCGAAACCTCGGTG"
"747","GGACAGTCACACCTGGAGCG"
"748","GGATGCCGATTAGTAGAGTG"
"749","CACCGAAGTGTCCACACCTT"
"750","GCTACAATCGTCACGAGTAT"
"751","TGCTTCAGCCACGACGAAGT"
"752","ACAGACAATACTTCCATTGA"
"753","TCTGTTGCCTTCAGGGAATA"
"754","CTAGAGGCAAGTAGAGACAG"
"755","AGATGCAGGTAGGGTGGCGT"
"756","AGCATCTCTGGATATGCCCT"
"757","CTTACATCCGGTTCGCGGCA"
"758","ACATGACTAAACGTGTGTTC"
"759","GGAAATTGAGCCGACCGGCT"
"760","TCGCACTTGTGTCCACGCAG"
"761","CGAAGGATAAATAGATCAAC"
"762","GCCGCCAAGGGCTCTATACA"
"763","GGTGTCCTAATCACCCGCGA"
"764","TATGTGCATAACAATTATCA"
"765","CAATTCAGTGGCCCAAGAGA"
"766","ATTCAGAGTTATCCAAGTAC"
"767","CACAGCAACTCATGGGCGGT"
"768","CGACGCGCAGCCTTTAATCG"
"769","GTTCCGTGTGAGTAGGTGGA"
"770","GATGGCCCGGGTGGTCAAGC"
"771","GGGTTACCTAGTACAAATGA"
"772","CACGGGCGGTTGCCAGGAAC"
"773","CTCGACTAGGCGTACAAATA"
"774","CGTCAATTTCCGACAGCAGC"
"775","TGAATGTGAATCTGCCAACA"
"776","CTCTAGGGCAGCCCGTGGGA"
"777","TTCACACAAGATATTAGTCG"
"778","CTGCAAGTTGCACTGCGGAT"
"779","ATTTAGTGTGACACTACATG"
"780","TTAACCATCGGCGAACTATT"
"781","GCGCGGAGCTCGAGTCATTA"
"782","GCAGAACTAGTGATTCGATG"
"783","CAAGCGGATGTCCGAGAAGC"
"784","CTTTGGTTAGCGGACGTCGC"
"785","TCTAGCGCCAGGGTATCCGC"
"786","GATCGGAAGATGCGTAGCAG"
"787","CGTTTAGCCACCTTTGTGCA"
"788","GTGTTTGCCGCGATTGGTTT"
"789","TCTGCATCCAAACGCACAGA"
"790","GAGCCGATCTCCACCTCTGC"
"791","AGCGGGCACCCTGTAGATAA"
"792","CATCCCGCCGCTGGCATCTA"
"793","CCTCGAACCAACTTAGATGG"
"794","CTACCTCAAACGCTTCGATC"
"795","CCCTCATTCGGTAACTTGCC"
"796","GGAAAGGCTAAGACAGCGAG"
"797","TGTTGAGCATCCGTGAGGAT"
"798","GTGTTCGCGCATACGCATGC"
"799","GTTGGGTGGGCATATTGCAG"
"800","GTGAATCGGTAGATACCATC"
"801","TGTGAGTAGCATAGACAGTC"
"802","ATTCGAAATCCTTGTTGCAT"
"803","TAATAGTCTAACTTTCTGTT"
"804","TTCCGTAGTCCTGACAATTC"
"805","GCGTGGAGTTGCCTTCCGTC"
"806","CATACGAAGGGCGGTGTCAG"
"807","TTCTAATAGGTATCCGTTCT"
"808","ATTTCGATGACCTAACGTCA"
"809","AGCATGGCACTCAGGGCGAG"
"810","TATGGAACGCGATTTGCGCC"
"811","CGAATACGACATGCCTTAAG"
"812","GGTACAGAGAAATGAACCCT"
"813","GCTCATGGCAATGTTGGGCG"
"814","GAGCGTACACCGTATGTGTC"
"815","GATCTATTCCTGATTTGAGT"
"816","ATTCAGCGTAAATCTCCGGA"
"817","TCATCCTCACGCGAAGACAC"
"818","ACATCGTTAGCCGTGACTAT"
"819","GTAAACGGAGCAATTTGGCA"
"820","GTCACGTTCGGTAATATTTG"
"821","GACTAGTAAGATGCTGCATT"
"822","TAGAGAAGGCAGGATACCCA"
"823","TCTCGCGGTCATCTAAAGGC"
"824","TTTATCCTCCTTGCTCGACG"
"825","CAGAAGGCAGCGTGGGTGTA"
"826","ATTCAACCGCGGTGACCTTG"
"827","CATAACCGGCCAGTTGGTCC"
"828","TGAATAACCGAAGCGGGTGC"
"829","GGTCATCGGGCGTCGAGCGA"
"830","CATCATAACAAATGAGTCAC"
"831","CATACATGTTAGCGGGACGT"
"832","GCAACCTCCATTGAGCTTAC"
"833","CGCATTATGACTGTACTCTA"
"834","GATTCACTAGTGGTGGGCCT"
"835","TAAGAGGTATCCCGATAACT"
"836","TTGATTTCACCCATAGGCAT"
"837","GTTGAGAACAGCACTTATAT"
"838","TCAGATATTGCATCAGAATC"
"839","TTAGGGATAATACCTTTACG"
"840","ATTCGGATGGGTGACGGATT"
"841","CATAACTACCGAGACAAATA"
"842","TAATATCTGGACAGCCAGCA"
"843","TCGTGTTGCCGGCCGATCGC"
"844","AGTGCGCATTGGAATGCGGA"
"845","CAGTCGAGAAGGTTTCGGTC"
"846","GCTGTTGTGCTCGTCAGCAT"
"847","GTCATCGCGAGAGACATTCC"
"848","GAGAGCGCAGACATCGATGT"
"849","TATGCACTTTCATCGTTCAA"
"850","CAACAAGCTCTAGTAAGCAT"
"851","GACTGCGGTTATACTGGAAG"
"852","CACTACAACGGAGAGCCAAT"
"853","TGAAATACTGTCGTTCTTGG"
"854","CACCACCAACCTCGACTGAA"
"855","CTCTTACCTACATTCGCCCT"
"856","ACACTATTGGACGCTATAAC"
"857","CACTTGGCGGACTATGGCGA"
"858","CGACCAAACTAATTCATTCA"
"859","AGAAGACCATTGGCTCTGCC"
"860","ATGGAGTTCGATAACCATAA"
"861","ATCACTTATAGTGTGCACAT"
"862","CCACCAGAGCAGACCATTTC"
"863","AAGGTACAGGCAAATAACTA"
"864","TCACTTTCAGAAGCTTGGAG"
"865","TTGCTCACAACTATGATGGC"
"866","CTGCTTCCAGGTTGGTCAAC"
"867","GCAAGCCCTCGCATACATCG"
"868","ACGACACAGGTATAGAGGCG"
"869","ACGGTAGCGTAATATATAAC"
"870","CCCTAGCAGGCTAAGCTGCT"
"871","TAAACATAGTGGTTTGCTAG"
"872","CACTCCGGCAAAGTCACTTA"
"873","ATATACGTCTGTGGAATTAC"
"874","TCGAGTACGCATTCACTCGT"
"875","CATCGACGCGCGATCTCGTG"
"876","CGACGGTATTGTAGAACTCA"
"877","TGTCGAGCGTTAGCGCACAG"
"878","GACAAGTGTAATTCAAACGA"
"879","CGAAGAGGAACATGTGTGTA"
"880","TATGACACGAACAGGATGTC"
"881","TACCTTGAGCCTATTAGCGA"
"882","CATCGGTCAGCAGGACCCGG"
"883","CGCCTAGGTAAAGCATCGAG"
"884","CATGCGCCTATCGGAGTAAT"
"885","TCATCGTGCCGCCGCATTTC"
"886","CCTCGAACAGTGGTGCCGAG"
"887","TGAGCGGGTTCTAGTTCTAG"
"888","TCTAAATAGTCGAGCCCGTA"
"889","AGACAGGTACAAGCACCGGT"
"890","CCCAGGTGATGGGTATCCGG"
"891","AATACAGTTAGGAAGGCGGA"
"892","ATGGCTATAGTCTGTGACAC"
"893","CTTACCTTACCTTGCTGCAC"
"894","GGTTCACGATTTACTCATGC"
"895","TCTACCGCACACGATGGCTA"
"896","CTATAGTTGTGGGCGCCTAC"
"897","ATCAGGACCGTTAGGGCAGT"
"898","CACTAGATCGCACACTCCGG"
"899","GACGGAATACCGCCTACTTC"
"900","CTGTTGAGAGATGCGGCCCT"
"901","GCAGTGGGTAACCAAGGACT"
"902","TTAAGACTAGCCAAGACAAA"
"903","GAACGGCAATAAGGGCAAGA"
"904","TACGAGGGCCGGATAGTGGC"
"905","CGTAGCGGACCTTTATATTA"
"906","CTGATGCCTAGTCACACTCC"
"907","TCCTAGGCTGATGAACGCAT"
"908","ATACCTAGCTTAGAAGGCGT"
"909","CTTCGTTTATGTTACTGGTT"
"910","TTTCGGAATTGAAACGGAGC"
"911","CTTGTCAGTTATACACGTGT"
"912","GGAACCTTACTAATAGCCAG"
"913","TGATCGCTTGATAAGCCGTG"
"914","GTCGAGTATCAAACTCCGCT"
"915","TTCTGGGACTGATTGCACCC"
"916","CTTGACGAGAAGAAGAACTT"
"917","GCCATGGATTGAATCGCGGG"
"918","CATAGCATGAACAATTACCC"
"919","GCAGGTTGCAGGGCCGAAAG"
"920","GCCAGGGAAGCTACAGTGCC"
"921","ACACCGTACTCTTGCCAAGA"
"922","ACCAATTCAGCCTCTACAAA"
"923","TTCTAAACTTTGAGTCCCGA"
"924","TATCTCCAGGAGACTAATCC"
"925","GAAATATCTATCGTGGCAAC"
"926","GGGATCGCATCTGCCGGTAA"
"927","CAAACGTCGCTGGAAGATGC"
"928","ACTATGGTGTTCAGATGTTC"
"929","TCACAGGGACGAAGACACTT"
"930","ATTGTAGCCCTAGGGTAGGG"
"931","CACCGACAGGAAGCACCTCT"
"932","CAACGGCTGTCGAACGTAAC"
"933","CTCTCCATTTGACTGTGGGC"
"934","CCATGTGTCGTATGTCCGCG"
"935","GACATCTTACGCTCATAGGC"
"936","CGCGGTGATGTATTACTGGC"
"937","TCTACGTGCTGCATAATGAA"
"938","CCTTGGTAGAACACCCGTGC"
"939","CCGCTAAGTATCAGCCTGCA"
"940","ACCTGACCGCTACAGCCTGT"
"941","GCGTTCTTTGTACGGCCTGG"
"942","AGATAGGCTAAGCATGTGAG"
"943","GCCAAATCTACAGCACTAGG"
"944","CCAATCGTTTGAAGGGACCG"
"945","GTAATTTGGTTGCCACAGGG"
"946","ATACTTGCAACAGGTAATCA"
"947","CCAATAATTTGGGCTCGATT"
"948","GCTTCCAATAAGTATGACTT"
"949","CTGAGGAGACTAGGAGTCCG"
"950","TGACGGAGCCCTGGAATGGC"
"951","ATTGCATTGGAGGGTGCCTC"
"952","ATCCTACTTCTCCACGCGAC"
"953","TTGAGTAAACCACGATGGGA"
"954","AAGAAATTGACGCGAAGTCT"
"955","CAATTTCACCCTATCCGTCC"
"956","GGCCGTCTGATCTTGCGAAT"
"957","TTCTGTCAGTGCTTAGAAAT"
"958","ATACAGCCGCGACATACGTA"
"959","AAAGGCGTTTGCAGATTAAT"
"960","ACTGATATTCGACGCCACAG"
"961","AGGCTTGGAACTGACATAAA"
"962","CAAGGCGCAATCTCGCAACT"
"963","CAAGGGTTCTGTGACGGGTG"
"964","ATACGAGGCGCGCAGAACAG"
"965","TATTGACAGCCAGATAGAAC"
"966","AGCGCTGATAGCCACGTTTG"
"967","CCTCGTTTCAGACTTCTGTT"
"968","TTTGAGGATCATGGAAGATA"
"969","TTCTATTTACACAGACTATA"
"970","CGTCTAAGCTGCCATGGGCA"
"971","TTTCTAGAGCCAGCGCCGCC"
"972","GGTCTAGCTAATGCTCCTCT"
"973","AACGTGATTGTTGTGTATAC"
"974","TTTCGGGCGATTCTACTCTG"
"975","GAGTATATTCGACGGAATTT"
"976","CCGGATTACTTGTTAGTCGA"
"977","TCGGACCGTGTGAGTCTTGC"
"978","CCCATTCGCATATATTCGGA"
"979","GAAGAAGAGCGCTCCTAAGT"
"980","GTAGTAGGATATACAACGCT"
"981","ACGGACCTAGCTTTGCAAGC"
"982","AATTCGGTTTGGCAATAAAG"
"983","CTCTTAGACCATCCGGCCAG"
"984","AATATTTGGGCGCTTAGCAT"
"985","GAGAAACCAGTCGGTTGGAC"
"986","GTGTAGAAACTATGACCTTG"
"987","GTGGGTAGAAGTTCCGCGTA"
"988","GGGACCTGTCTGAAATGTGA"
"989","GTCAGTTACTCGGACGTGCG"
"990","TACCATTCAAGAGTCCAAAC"
"991","TCACGTCACGGACGATGGTT"
"992","GCACCCACCCTCACGAATTT"
"993","AGGCGGTGGTTCTAGAACTG"
"994","CGGGATCAACCGTGGTCAGC"
"995","AAGAGATGAGTACTCGGAGA"
"996","TTAAAGAGAGCATTTGTATA"
"997","GATGCATTATGGTCAGGTAT"
"998","CCGTCCTAAGTATTCCCTCC"
"999","TACACGACGCTTGGTTGGTC"
"1000","ACTCACGGTACTTCCGCCTT"
